{
    "name": "Cylinder001Geometry",
    "metadata": {
        "generator": "io_three",
        "vertices": 162,
        "type": "Geometry",
        "version": 3,
        "normals": 162,
        "uvs": 1,
        "faces": 164
    },
    "vertices": [7.684,1.046,13.6138,6.1851,1.046,5.1131,13.2321,82.7318,2.54791,15.1833,82.7318,13.6138,1.8692,1.046,-2.3623,7.6138,82.7318,-7.18319,-4.7431,1.046,-7.9108,-0.9939,82.7318,-14.4059,-12.8544,1.046,-10.863,-11.5528,82.7318,-18.249,-21.4863,1.046,-10.863,-22.7893,82.7318,-18.249,-29.5975,1.046,-7.9108,-33.3482,82.7318,-14.4059,-36.2099,1.046,-2.3623,-41.9558,82.7318,-7.18319,-40.5258,1.046,5.1131,-47.5741,82.7318,2.54791,-42.0247,1.046,13.6138,-49.5253,82.7318,13.6137,-40.5258,1.046,22.1145,-47.5741,82.7318,24.6796,-36.2099,1.046,29.5898,-41.9558,82.7318,34.4107,-29.5975,1.046,35.1383,-33.3482,82.7318,41.6334,-21.4863,1.046,38.0905,-22.7893,82.7318,45.4765,-12.8544,1.046,38.0905,-11.5528,82.7318,45.4765,-4.7432,1.046,35.1383,-0.9939,82.7318,41.6334,1.8692,1.046,29.5899,7.6138,82.7318,34.4107,6.1851,1.046,22.1145,13.2321,82.7318,24.6796,0.4292,3.7058,28.3816,-5.683,3.7058,33.5104,-13.1808,3.7058,36.2393,6.1123,3.7058,13.6138,-21.1598,3.7058,36.2393,-28.6576,3.7058,33.5103,-38.7594,3.7058,21.4715,-34.7699,3.7058,28.3815,-39.8369,3.7058,13.6138,4.4187,3.7058,21.4715,-40.5704,3.2391,13.6138,-39.4485,3.2392,21.7233,-35.3312,3.2391,28.8547,5.1132,3.2392,21.7233,-29.023,3.2391,34.1479,-21.285,3.2392,36.9643,-13.0503,3.2392,36.9643,-5.3123,3.2391,34.1479,0.9958,3.2391,28.8548,6.8512,3.2391,13.6138,14.487,86.0029,13.6138,12.5778,86.0029,2.78611,10.7972,86.1008,3.43411,12.5922,86.1008,13.6138,7.0804,86.0029,-6.73559,5.6289,86.1008,-5.51769,-1.342,86.0029,-13.8029,-2.2894,86.1008,-12.1619,-11.6737,86.0029,-17.5633,-12.0027,86.1008,-15.6973,-22.6684,86.0029,-17.5633,-22.3393,86.1008,-15.6973,-33,86.0029,-13.8029,-32.0526,86.1008,-12.1619,-41.4224,86.0029,-6.73559,-39.9709,86.1008,-5.51769,-46.9198,86.0029,2.78611,-45.1393,86.1008,3.43411,-48.829,86.0029,13.6137,-46.9342,86.1008,13.6137,-46.9198,86.0029,24.4414,-45.1393,86.1008,23.7934,-41.4225,86.0029,33.9631,-39.971,86.1008,32.7452,-33,86.0029,41.0304,-32.0526,86.1008,39.3894,-22.6684,86.0029,44.7908,-22.3394,86.1008,42.9248,-11.6737,86.0029,44.7908,-12.0027,86.1008,42.9248,-1.342,86.0029,41.0304,-2.2894,86.1008,39.3894,7.0804,86.0029,33.9631,5.6289,86.1008,32.7452,12.5778,86.0029,24.4414,10.7972,86.1008,23.7934,16.5774,84.5646,13.6138,14.5422,84.5646,2.07111,8.6818,84.5646,-8.07929,-0.2968,84.5646,-15.6133,-11.3107,84.5646,-19.622,-23.0314,84.5646,-19.622,-34.0452,84.5646,-15.6133,-43.0238,84.5646,-8.07929,-48.8842,84.5646,2.07111,-50.9195,84.5646,13.6137,-48.8842,84.5646,25.1564,-43.0238,84.5646,35.3068,-34.0453,84.5646,42.8408,-23.0314,84.5646,46.8495,-11.3107,84.5646,46.8495,-0.2968,84.5646,42.8408,8.6818,84.5646,35.3069,14.5421,84.5646,25.1564,10.7972,85.0097,3.43411,12.5922,85.0097,13.6138,10.7972,85.0097,23.7934,5.6289,85.0097,32.7452,-2.2894,85.0097,39.3894,-12.0027,85.0097,42.9248,-22.3394,85.0097,42.9248,-32.0526,85.0097,39.3894,-39.971,85.0097,32.7452,-45.1393,85.0097,23.7934,-46.9342,85.0097,13.6137,-45.1393,85.0097,3.43411,-39.9709,85.0097,-5.51769,-32.0526,85.0097,-12.1619,-22.3393,85.0097,-15.6973,-12.0027,85.0097,-15.6973,-1.9681,85.0097,-12.1619,5.6289,85.0097,-5.51769,5.8043,1.046,13.6138,4.4187,1.046,5.756,4.4187,1.046,21.4715,0.4292,1.046,28.3816,-5.683,1.046,33.5104,-13.1808,1.046,36.2393,-21.1598,1.046,36.2393,-28.6576,1.046,33.5103,-34.7699,1.046,28.3815,-38.7594,1.046,21.4715,-40.1449,1.046,13.6138,-38.7594,1.046,5.756,-34.7699,1.046,-1.154,-28.6576,1.046,-6.2828,-21.1598,1.046,-9.0118,-13.1808,1.046,-9.0118,-5.683,1.046,-6.2828,0.4292,1.046,-1.154,4.4187,3.7058,5.756,-38.7594,3.7058,5.756,-34.7699,3.7058,-1.154,-28.6576,3.7058,-6.2828,-21.1598,3.7058,-9.0118,-13.1808,3.7058,-9.0118,-5.683,3.7058,-6.2828,0.4292,3.7058,-1.154,5.1132,3.2391,5.5042,0.9959,3.2391,-1.6272,-5.0042,3.2391,-6.9204,-13.0503,3.2391,-9.7368,-21.285,3.2391,-9.7368,-29.023,3.2391,-6.9204,-35.3311,3.2391,-1.6272,-39.4485,3.2391,5.5042],