{
    "name": "Cylinder001.001Geometry",
    "metadata": {
        "generator": "io_three",
        "vertices": 162,
        "type": "Geometry",
        "version": 3,
        "normals": 162,
        "uvs": 1,
        "faces": 164
    },
    "vertices": [37.1881,1.77737,-6.25617,35.3841,83.7468,-8.82136,37.3239,83.9572,2.24454,38.6783,1.93907,2.24453,32.8974,1.31197,-13.7316,29.7986,83.1409,-18.5525,26.3236,0.598778,-19.2801,21.2411,82.2125,-25.7752,18.2597,-0.276024,-22.2323,10.7438,81.0737,-29.6183,9.67808,-1.20702,-22.2323,-0.427221,79.8618,-29.6183,1.61418,-2.08182,-19.2801,-10.9245,78.7231,-25.7752,-4.95962,-2.79493,-13.7316,-19.4819,77.7947,-18.5525,-9.25032,-3.26043,-6.25617,-25.0674,77.1888,-8.82136,-10.7405,-3.42203,2.24453,-27.0072,76.9783,2.24444,-9.25032,-3.26043,10.7452,-25.0674,77.1888,13.3103,-4.95962,-2.79493,18.2205,-19.4819,77.7947,23.0414,1.61418,-2.08183,23.769,-10.9245,78.7231,30.2641,9.67808,-1.20703,26.7212,-0.427221,79.8618,34.1072,18.2597,-0.276031,26.7212,10.7438,81.0737,34.1072,26.3235,0.59877,23.769,21.2411,82.2125,30.2641,32.8974,1.31197,18.2206,29.7986,83.1409,23.0414,37.1881,1.77737,10.7452,35.3841,83.7468,13.3103,31.1789,3.80087,17.0123,25.1024,3.14167,22.1411,17.6483,2.33307,24.87,36.8289,4.41387,2.24453,9.71578,1.47247,24.87,2.26178,0.663868,22.141,-7.78112,-0.425629,10.1022,-3.81492,0.004673,17.0122,-8.85232,-0.541828,2.24453,35.1451,4.23117,10.1022,-9.53122,-1.08493,2.24453,-8.41592,-0.963829,10.354,-4.32262,-0.519829,17.4854,35.8859,3.84217,10.354,1.94878,0.160469,22.7786,9.64168,0.995167,25.595,17.8284,1.88327,25.595,25.5212,2.71767,22.7786,31.7925,3.39807,17.4855,37.6138,4.02957,2.24453,34.3808,86.9282,-8.58316,32.6001,86.8335,-7.93516,34.3846,87.0271,2.24454,36.2789,87.1342,2.24454,28.9155,86.3353,-18.1049,27.4619,86.2761,-16.887,20.5422,85.427,-25.1722,19.5898,85.4221,-23.5312,10.2708,84.3127,-28.9326,9.93308,84.3745,-27.0666,-0.659821,83.1269,-28.9326,-0.343222,83.2597,-27.0666,-10.9311,82.0126,-25.1722,-9.99982,82.2121,-23.5312,-19.3044,81.1043,-18.1049,-17.8719,81.3581,-16.887,-24.7697,80.5114,-8.58316,-23.0102,80.8007,-7.93516,-26.6678,80.3055,2.24444,-24.7946,80.6071,2.24444,-24.7697,80.5114,13.0721,-23.0102,80.8007,12.4241,-19.3045,81.1043,22.5938,-17.872,81.3581,21.3759,-10.9311,82.0126,29.6611,-9.99982,82.2121,28.0201,-0.659821,83.1269,33.4215,-0.343321,83.2597,31.5555,10.2708,84.3127,33.4215,9.93308,84.3745,31.5555,20.5422,85.427,29.6611,19.5898,85.4221,28.0201,28.9155,86.3353,22.5938,27.4619,86.2761,21.3759,34.3808,86.9282,13.0721,32.6001,86.8335,12.4241,38.5122,85.9297,2.24454,36.4889,85.7102,-9.29816,30.6627,85.0781,-19.4486,21.7364,84.1098,-26.9826,10.7868,82.9219,-30.9913,-0.865522,81.6578,-30.9913,-11.8151,80.47,-26.9826,-20.7413,79.5016,-19.4486,-26.5676,78.8696,-9.29816,-28.591,78.6501,2.24444,-26.5676,78.8696,13.7871,-20.7413,79.5016,23.9375,-11.8152,80.47,31.4715,-0.865522,81.6578,35.4802,10.7868,82.9219,35.4802,21.7364,84.1098,31.4715,30.6627,85.0781,23.9376,36.4888,85.7102,13.7871,34.5023,85.9424,2.24454,32.7177,85.7488,-7.93516,32.7177,85.7488,12.4241,27.5796,85.1914,21.3759,19.7075,84.3374,28.0201,10.0508,83.2898,31.5555,-0.22562,82.175,31.5555,-9.88212,81.1274,28.0201,-17.7543,80.2734,21.3759,-22.8925,79.716,12.4241,-24.6769,79.5224,2.24444,-22.8925,79.716,-7.93516,-17.7542,80.2734,-16.887,-9.88212,81.1274,-23.5312,-0.225521,82.175,-27.0666,10.0508,83.2898,-27.0666,20.0269,84.372,-23.5312,27.5796,85.1914,-16.887,36.8095,1.73637,2.24453,35.432,1.58687,-5.61327,35.432,1.58687,10.1022,31.4658,1.15667,17.0123,25.3892,0.497368,22.1411,17.9352,-0.31123,24.87,10.0027,-1.17173,24.87,2.54858,-1.98043,22.141,-3.52802,-2.63963,17.0122,-7.49422,-3.06993,10.1022,-8.87172,-3.21933,2.24453,-7.49422,-3.06993,-5.61327,-3.52802,-2.63963,-12.5233,2.54858,-1.98042,-17.6521,10.0027,-1.17172,-20.3811,17.9352,-0.311222,-20.3811,25.3892,0.497375,-17.6521,31.4658,1.15667,-12.5233,35.1451,4.23117,-5.61327,-7.78112,-0.425629,-5.61327,-3.81492,0.004673,-12.5233,2.26178,0.663876,-17.6521,9.71578,1.47248,-20.3811,17.6483,2.33308,-20.3811,25.1024,3.14168,-17.6521,31.1789,3.80087,-12.5233,35.8859,3.84207,-5.86507,31.7926,3.39807,-12.9965,25.8275,2.75098,-18.2897,17.8284,1.88318,-21.1061,9.64168,0.995075,-21.1061,1.94878,0.160477,-18.2897,-4.32252,-0.519829,-12.9965,-8.41592,-0.963928,-5.86507],