{
    "name": "Cylinder001.002Geometry",
    "metadata": {
        "generator": "io_three",
        "vertices": 162,
        "type": "Geometry",
        "version": 3,
        "normals": 162,
        "uvs": 1,
        "faces": 164
    },
    "vertices": [20.7535,85.4904,-10.8494,22.6933,85.7008,0.21651,24.0477,3.6827,0.2165,22.5575,3.521,-8.2842,15.168,84.8845,-20.5805,18.2668,3.0556,-15.7596,6.6105,83.9561,-27.8032,11.693,2.3424,-21.3081,-3.8868,82.8173,-31.6463,3.6291,1.4676,-24.2603,-15.0578,81.6054,-31.6463,-4.9525,0.536603,-24.2603,-25.5551,80.4667,-27.8032,-13.0164,-0.338197,-21.3081,-34.1125,79.5383,-20.5805,-19.5902,-1.0513,-15.7596,-39.698,78.9324,-10.8494,-23.8809,-1.5168,-8.2842,-41.6378,78.7219,0.216409,-25.3711,-1.6784,0.2165,-39.698,78.9324,11.2823,-23.8809,-1.5168,8.7172,-34.1125,79.5383,21.0134,-19.5902,-1.0513,16.1925,-25.5551,80.4667,28.2361,-13.0164,-0.338203,21.741,-15.0578,81.6054,32.0792,-4.9525,0.536597,24.6932,-3.8868,82.8173,32.0792,3.6291,1.4676,24.6932,6.6105,83.9561,28.2361,11.6929,2.3424,21.741,15.168,84.8845,21.0134,18.2668,3.0556,16.1926,20.7535,85.4904,11.2823,22.5575,3.521,8.7172,16.5483,5.5445,14.9843,10.4718,4.8853,20.1131,3.0177,4.0767,22.842,22.1983,6.1575,0.216501,-4.9148,3.2161,22.842,-12.3688,2.4075,20.113,-22.4117,1.318,8.0742,-18.4455,1.7483,14.9842,-23.4829,1.2018,0.2165,20.5145,5.9748,8.0742,-24.1618,0.6587,0.2165,-23.0465,0.779799,8.326,-18.9532,1.2238,15.4574,21.2553,5.5858,8.326,-12.6818,1.9041,20.7506,-4.9889,2.7388,23.567,3.1978,3.6269,23.567,10.8906,4.4613,20.7506,17.1619,5.1417,15.4575,22.9832,5.7732,0.216501,17.9695,88.5771,-9.96319,19.754,88.7707,0.216511,21.6483,88.8778,0.216511,19.7502,88.6718,-10.6112,12.8313,88.0197,-18.915,14.2849,88.0789,-20.1329,4.9592,87.1657,-25.5592,5.9116,87.1706,-27.2002,-4.6975,86.1181,-29.0946,-4.3598,86.0563,-30.9606,-14.9738,85.0033,-29.0946,-15.2904,84.8705,-30.9606,-24.6304,83.9557,-25.5592,-25.5617,83.7562,-27.2002,-32.5025,83.1017,-18.915,-33.935,82.8479,-20.1329,-37.6408,82.5443,-9.96319,-39.4003,82.255,-10.6112,-39.4252,82.3507,0.21641,-41.2984,82.0491,0.21641,-37.6408,82.5443,10.3961,-39.4003,82.255,11.0441,-32.5026,83.1017,19.3479,-33.9351,82.8479,20.5658,-24.6304,83.9557,25.9921,-25.5617,83.7562,27.6331,-14.9739,85.0033,29.5275,-15.2904,84.8705,31.3935,-4.6975,86.1181,29.5275,-4.3598,86.0563,31.3935,4.9592,87.1657,25.9921,5.9116,87.1706,27.6331,12.8313,88.0197,19.3479,14.2849,88.0789,20.5658,17.9695,88.5771,10.3961,19.7502,88.6718,11.0441,21.8583,87.4538,-11.3262,23.8816,87.6733,0.21651,16.0321,86.8217,-21.4766,7.1058,85.8534,-29.0106,-3.8438,84.6655,-33.0193,-15.4961,83.4014,-33.0193,-26.4457,82.2136,-29.0106,-35.3719,81.2452,-21.4766,-41.1982,80.6132,-11.3262,-43.2216,80.3937,0.21641,-41.1982,80.6132,11.7591,-35.3719,81.2452,21.9095,-26.4458,82.2136,29.4435,-15.4961,83.4014,33.4522,-3.8438,84.6655,33.4522,7.1058,85.8534,29.4435,16.0321,86.8217,21.9096,21.8582,87.4538,11.7591,18.0871,87.4924,-9.96319,19.8717,87.686,0.21651,18.0871,87.4924,10.3961,12.949,86.935,19.3479,5.0769,86.081,25.9921,-4.5798,85.0334,29.5275,-14.8562,83.9186,29.5275,-24.5127,82.871,25.9921,-32.3849,82.017,19.3479,-37.5231,81.4596,10.3961,-39.3075,81.266,0.21641,-37.5231,81.4596,-9.96319,-32.3848,82.017,-18.915,-24.5127,82.871,-25.5592,-14.8561,83.9186,-29.0946,-4.5798,85.0334,-29.0946,5.3963,86.1156,-25.5592,12.949,86.935,-18.915,22.1789,3.48,0.2165,20.8014,3.3305,-7.6413,20.8014,3.3305,8.0742,16.8352,2.9003,14.9843,10.7586,2.241,20.1131,3.3046,1.4324,22.842,-4.6279,0.571897,22.842,-12.082,-0.236802,20.113,-18.1586,-0.896002,14.9842,-22.1248,-1.3263,8.0742,-23.5023,-1.4757,0.2165,-22.1248,-1.3263,-7.6413,-18.1586,-0.895998,-14.5513,-12.082,-0.236798,-19.6801,-4.6279,0.571903,-22.4091,3.3046,1.4324,-22.4091,10.7586,2.241,-19.6801,16.8352,2.9003,-14.5513,20.5145,5.9748,-7.6413,-22.4117,1.318,-7.6413,-18.4455,1.7483,-14.5513,-12.3688,2.4075,-19.6801,-4.9148,3.2161,-22.4091,3.0177,4.0767,-22.4091,10.4718,4.8853,-19.6801,16.5483,5.5445,-14.5513,21.2553,5.5857,-7.8931,17.162,5.1417,-15.0245,11.1969,4.4946,-20.3177,3.1978,3.6268,-23.1341,-4.9889,2.7387,-23.1341,-12.6818,1.9041,-20.3177,-18.9531,1.2238,-15.0245,-23.0465,0.779701,-7.8931],