{
    "name": "Cylinder001.004Geometry",
    "metadata": {
        "generator": "io_three",
        "vertices": 162,
        "type": "Geometry",
        "version": 3,
        "normals": 162,
        "uvs": 1,
        "faces": 164
    },
    "vertices": [-20.5642,85.7008,-9.59919,-21.7969,3.6827,-10.1603,-23.9626,3.521,-1.8062,-23.3835,85.4904,1.27591,-23.1547,3.0556,6.7752,-22.3317,84.8845,12.4467,-19.4704,2.3424,14.5486,-17.5357,83.9561,22.5658,-13.3544,1.4676,20.5765,-9.574,82.8173,30.4127,-5.5439,0.536597,24.132,0.5931,81.6054,35.041,3.0184,-0.338203,24.7861,11.7393,80.4667,35.8925,11.3003,-1.0513,22.4598,22.5201,79.5383,32.8643,18.3026,-1.5168,17.4339,31.6354,78.9324,26.3218,23.1808,-1.6784,10.3146,37.9856,78.7219,17.0542,25.3465,-1.5168,1.9604,40.8049,78.9324,6.17901,24.5385,-1.0513,-6.6208,39.7531,79.5383,-4.99169,20.8543,-0.338198,-14.3943,34.9572,80.4667,-15.1108,14.7382,0.536602,-20.4222,26.9955,81.6054,-22.9577,6.9278,1.4676,-23.9777,16.8284,82.8173,-27.586,-1.6345,2.3424,-24.6318,5.6822,83.9561,-28.4375,-9.9164,3.0556,-22.3056,-5.0988,84.8845,-25.4093,-16.9187,3.521,-17.2797,-14.214,85.4904,-18.8669,-8.853,5.5445,-20.4939,-1.1976,4.8853,-22.6442,6.7173,4.0767,-22.0396,-20.1137,6.1575,-9.3941,13.9369,3.2161,-18.753,19.5904,2.4075,-13.181,23.7429,1.318,1.9369,22.996,1.7483,-5.9954,21.4623,1.2018,9.5323,-15.3257,5.9748,-15.8481,22.0802,0.658699,9.8135,24.425,0.7798,1.9707,23.6542,1.2238,-6.2157,-15.8956,5.5858,-16.3841,20.1394,1.9041,-13.6316,14.3047,2.7388,-19.3822,6.8537,3.6269,-22.774,-1.3146,4.4613,-23.398,-9.2154,5.1417,-21.1788,-20.8281,5.7732,-9.7193,-17.8891,88.7707,-8.38139,-19.6132,88.8778,-9.16619,-22.3717,88.6718,1.47481,-20.4825,88.5771,1.62281,-21.3425,88.0789,12.4052,-19.515,88.0197,11.899,-16.6498,87.1706,22.3066,-15.1031,87.1657,21.2076,-8.8594,86.0563,29.9846,-7.779,86.1181,28.4262,1.0889,84.8705,34.5133,1.5739,85.0033,32.6838,11.9951,83.7562,35.3464,11.8274,83.9557,33.467,22.544,82.8479,32.3834,21.7449,83.1017,30.6814,31.4632,82.255,25.9817,30.1303,82.5443,24.663,37.6767,82.0491,16.9136,35.9719,82.3507,16.1375,40.4353,82.255,6.27251,38.5654,82.5443,6.13331,39.4062,82.8479,-4.65779,37.5978,83.1017,-4.14289,34.7134,83.7562,-14.5592,33.1859,83.9557,-13.4516,26.9231,84.8705,-22.2373,25.8619,85.0033,-20.6701,16.9748,86.0563,-26.766,16.509,86.1181,-24.9277,6.0684,87.1706,-27.5991,6.2554,87.1657,-25.711,-4.4805,88.0789,-24.6361,-3.6621,88.0197,-22.9254,-13.3996,88.6718,-18.2344,-12.0474,88.5771,-16.9069,-21.6458,87.6733,-10.0915,-24.5866,87.4538,1.25221,-23.4894,86.8217,12.9043,-18.4867,85.8534,23.4595,-10.182,84.6655,31.6445,0.4232,83.4014,36.4722,12.0496,82.2136,37.3604,23.2951,81.2452,34.2017,32.8033,80.6132,27.3774,39.4271,80.3937,17.7104,42.3678,80.6132,6.36661,41.2706,81.2452,-5.28549,36.2681,82.2136,-15.8407,27.9632,83.4014,-24.0257,17.3581,84.6655,-28.8534,5.7316,85.8534,-29.7416,-5.5139,86.8217,-26.583,-15.0219,87.4538,-19.7585,-20.5896,87.4924,1.57411,-17.9962,87.686,-8.43019,-12.1544,87.4924,-16.9556,-3.7692,86.935,-22.9741,6.1482,86.081,-25.7597,16.4019,85.0334,-24.9765,25.7548,83.9186,-20.7188,33.0787,82.871,-13.5003,37.4907,82.017,-4.19169,38.4583,81.4596,6.08451,35.8647,81.266,16.0887,30.0232,81.4596,24.6142,21.6378,82.017,30.6327,11.7203,82.871,33.4183,1.4667,83.9186,32.6351,-7.8861,85.0334,28.3775,-15.5009,86.1156,21.0265,-19.6221,86.935,11.8502,-22.098,3.3305,-1.6637,-20.0961,3.48,-9.3861,-15.5868,3.3305,-15.9669,-9.1141,2.9003,-20.6128,-1.4586,2.241,-22.7631,6.4561,1.4324,-22.1584,13.6758,0.571902,-18.8719,19.3293,-0.236798,-13.2998,22.7349,-0.895999,-6.1143,23.4818,-1.3263,1.818,21.4799,-1.4757,9.5403,16.9706,-1.3263,16.1212,10.4979,-0.896003,20.767,2.8425,-0.236803,22.9173,-5.0724,0.571897,22.3127,-12.292,1.4324,19.0261,-17.9455,2.241,13.4541,-21.3511,2.9003,6.2686,-21.8368,5.9748,-1.5448,17.2317,1.318,16.2401,10.7591,1.7483,20.8859,3.1035,2.4075,23.0361,-4.8113,3.2161,22.4316,-12.0309,4.0767,19.145,-17.6845,4.8853,13.5729,-21.09,5.5445,6.3874,-22.6154,5.5857,-1.6226,-21.8446,5.1417,6.5638,-18.6086,4.4946,13.8528,-12.4952,3.6268,19.7302,-5.0442,2.7387,23.1221,3.1242,1.9041,23.7461,11.025,1.2238,21.5268,17.7052,0.779698,16.7323],