{
    "name": "Cylinder001.004Geometry",
    "metadata": {
        "generator": "io_three",
        "vertices": 162,
        "type": "Geometry",
        "version": 3,
        "normals": 162,
        "uvs": 1,
        "faces": 164
    },
    "vertices": [-21.1735,85.5685,-9.45369,-21.8231,3.54478,-10.1531,-23.9871,3.3536,-1.79917,-23.9906,85.3197,1.42117,-23.1754,2.87948,6.78139,-22.9339,84.7025,12.5909,-19.4857,2.17938,14.5534,-18.1308,83.7911,22.7082,-13.3633,1.33792,20.5796,-10.1608,82.6957,30.5528,-5.54619,0.456475,24.1331,0.014966,81.5483,35.1786,3.02215,-0.358536,24.7854,11.169,80.4875,36.0277,11.3088,-1.00882,22.4575,21.956,79.6408,32.9974,18.3139,-1.41605,17.4305,31.075,79.1108,26.4535,23.1927,-1.53096,10.3107,37.426,78.9611,17.1852,25.3568,-1.33988,1.95669,40.2431,79.21,6.31029,24.545,-0.865661,-6.62368,39.1864,79.8272,-4.85932,20.8554,-0.16566,-14.3958,34.3834,80.7385,-14.9766,14.7328,0.675803,-20.4219,26.4134,81.8338,-22.8212,6.91582,1.55725,-23.9755,16.2376,82.9812,-27.447,-1.65252,2.37226,-24.6277,5.08358,84.0422,-28.2961,-9.93915,3.02264,-22.3,-5.70357,84.8888,-25.2658,-16.9443,3.42977,-17.273,-14.8225,85.4189,-18.722,-8.89337,5.51598,-20.4841,-1.2336,4.91484,-22.6359,6.68688,4.16152,-22.033,-20.1575,6.03019,-9.38279,13.9126,3.34672,-18.7482,19.572,2.56894,-13.1778,23.733,1.48349,1.93804,22.9826,1.92184,-5.99349,21.4538,1.33827,9.53334,-15.3687,5.89242,-15.8373,22.0755,0.799101,9.81359,24.419,0.950094,1.9709,23.6445,1.40241,-6.2147,-15.9358,5.50028,-16.3739,20.1246,2.07021,-13.6293,14.2838,2.87311,-19.3782,6.82644,3.71394,-22.7682,-1.34762,4.4913,-23.3904,-9.25293,5.11177,-21.1697,-20.8692,5.64137,-9.7086,-18.5202,88.6553,-8.23083,-20.2451,88.7515,-9.01537,-23.0014,88.5079,1.62539,-21.1116,88.4264,1.77315,-21.9674,87.9039,12.5547,-20.1396,87.8586,12.0483,-17.2678,87.0123,22.4544,-15.7212,87.0202,21.3553,-9.46923,85.9405,30.1301,-8.38938,86.0126,28.5718,0.487512,84.8178,34.6564,0.97145,84.9571,32.8271,11.4014,83.7796,35.4871,11.2322,83.9811,33.608,21.9563,82.9513,32.5221,21.1553,83.2023,30.8206,30.8791,82.4327,26.119,29.5442,82.7147,24.8008,37.0934,82.2862,17.0503,35.3865,82.577,16.2748,39.8499,82.5297,6.40941,37.978,82.8059,6.27079,38.816,83.1337,-4.51983,37.0058,83.3738,-4.00442,34.1163,84.0253,-14.4195,32.5875,84.2121,-13.3115,26.3178,85.0971,-22.0953,25.2558,85.2197,-20.5279,16.3611,86.2198,-26.6216,15.8949,86.2752,-24.7831,5.44697,87.258,-27.4523,5.63411,87.2512,-25.5642,-5.10795,88.0863,-24.4873,-4.28905,88.03,-22.7767,-14.0307,88.6049,-18.0842,-12.6778,88.5176,-16.7569,-22.2691,87.5341,-9.94261,-25.2076,87.2746,1.40084,-24.1053,86.6306,13.0518,-19.0952,85.6801,23.6051,-10.7818,84.5375,31.7877,-0.167615,83.3407,36.6128,11.467,82.2341,37.4985,22.7189,81.351,34.3376,32.231,80.7981,27.5119,38.8556,80.642,17.8442,41.794,80.9015,6.50065,40.6917,81.5453,-5.15031,35.6818,82.496,-15.7036,27.3682,83.6385,-23.8862,16.7541,84.8353,-28.7113,5.11942,85.942,-29.597,-6.1325,86.825,-26.4363,-15.6444,87.378,-19.6103,-21.211,87.341,1.72262,-18.6196,87.5699,-8.28145,-12.777,87.4323,-16.8074,-4.38844,86.9446,-22.8272,5.53462,86.1659,-25.6147,15.7956,85.1899,-24.8338,25.1564,84.1344,-20.5784,32.488,83.1267,-13.362,36.9065,82.2884,-4.05504,37.8786,81.7206,6.22016,35.287,81.4917,16.2241,29.4448,81.6294,24.7502,21.056,82.117,30.77,11.1328,82.8958,33.5575,0.871961,83.8718,32.7766,-8.48877,84.9272,28.5213,-16.1115,85.9676,21.1724,-20.2389,86.7732,11.9977,-22.1212,3.17612,-1.65708,-20.1209,3.35287,-9.3793,-15.611,3.24653,-15.9606,-9.13567,2.87019,-20.6075,-1.4758,2.26896,-22.7592,6.44448,1.51563,-22.1562,13.6703,0.700935,-18.8715,19.3297,-0.07695,-13.3011,22.7403,-0.724041,-6.11683,23.4907,-1.1624,1.81469,21.4904,-1.33905,9.53682,16.9805,-1.23281,16.1182,10.5052,-0.85637,20.765,2.84543,-0.255237,22.9167,-5.07506,0.498194,22.3139,-12.3008,1.31289,19.029,-17.9602,2.09067,13.4587,-21.3708,2.73786,6.27445,-21.8788,5.82201,-1.53373,17.2228,1.41308,16.2415,10.7476,1.78951,20.8883,3.08763,2.39065,23.04,-4.83275,3.14398,22.4372,-12.0585,3.95878,19.1524,-17.718,4.73656,13.5819,-21.1285,5.38365,6.3977,-22.6546,5.42751,-1.61215,-21.8802,4.9752,6.57346,-18.6393,4.33883,13.8612,-12.5195,3.5046,19.7369,-5.06222,2.66377,23.1269,3.11195,1.88621,23.7491,11.0173,1.26584,21.5283,17.7002,0.877327,16.7328],